{
  "198571345": "D:\\迅雷下载\\Visio2003_SP3.zip",
  "213117714": "D:\\bone\\fbt-server.tar.gz",
  "535262428": "F:\\fbt_about\\Drupal 社区团队 _ 中国最好的 Drupal 团队！_files\\join-us.png",
  "613483177": "C:\\Documents and Settings\\fbt\\桌面\\会议纪要2.txt",
  "714371632": "C:\\Documents and Settings\\fbt\\桌面\\README.txt",
  "792735334": "F:\\fbt_about\\Drupal 社区团队 _ 中国最好的 Drupal 团队！_files\\js_D3ohJByVZPnJmL0hdz11BPHjqtnM7Gu0djft1GqDzDg.js",
  "845042350": "D:\\my_share\\kaka.txt",
  "1195576148": "F:\\node-webkit-bin\\my-sample\\shareResource\\hello.txt",
  "1285844784": "F:\\fbt_about\\Drupal 社区团队 _ 中国最好的 Drupal 团队！.htm",
  "1316574942": "F:\\fbt_about\\Drupal 社区团队 _ 中国最好的 Drupal 团队！_files\\stat.php",
  "1328348071": "D:\\迅雷下载\\ICBCSetupIntegration.msi",
  "1342768266": "D:\\迅雷下载\\微软PHD职位申请信息采集.xlsx",
  "1523276768": "F:\\node-webkit-bin\\my-sample\\shareResource\\gen-qlib.bin.tar.gz",
  "1592520502": "F:\\pycharm-professional-3.4.exe",
  "1605211370": "D:\\alliance.zip",
  "1644960319": "D:\\bone\\my-sample.tar.gz",
  "1701555102": "F:\\my-sample.zip",
  "-549717139": "F:\\fbt_about\\Drupal 社区团队 _ 中国最好的 Drupal 团队！_files\\js_3jHghlMLrjr9xXAC0JufqSSch3oAbkZstSqYdc4uuck.js",
  "-1425779317": "C:\\Documents and Settings\\fbt\\桌面\\homePage.html",
  "-171310523": "C:\\Documents and Settings\\user\\url.log",
  "-450838316": "D:\\bone\\pscp.exe",
  "-722676385": "D:\\bone\\node-webkit-v0.9.2-win-ia32.zip",
  "-1689342160": "D:\\迅雷下载\\office2003.zip",
  "-452240909": "D:\\my_share\\eclipse-standard-kepler-R-win32.zip"
}